metric,value,percentage
total_samples,2331,100.0
stage1_assigned,1888,80.995280995281
final_assigned,2024,86.82968682968682
stage2_improvement,136,5.8344058344058345
